<blocks>
	<setattribute xpath="/blocks/block[@name='cntDewCollector']/property[@name='UnlockedBy']" name="value">perkAdvancedEngineering</setattribute>
	<setattribute xpath="/blocks/block[@name='forge']/property[@name='UnlockedBy']" name="value">perkAdvancedEngineering,forgeSchematic</setattribute>
	<setattribute xpath="/blocks/block[@name='workbench']/property[@name='UnlockedBy']" name="value">perkAdvancedEngineering,workbenchSchematic</setattribute>
	<setattribute xpath="/blocks/block[@name='cementMixer']/property[@name='UnlockedBy']" name="value">perkAdvancedEngineering,cementMixerSchematic</setattribute>
	<setattribute xpath="/blocks/block[@name='chemistryStation']/property[@name='UnlockedBy']" name="value">perkAdvancedEngineering,chemistryStationSchematic</setattribute>
	<setattribute xpath="/blocks/block[@name='generatorbank']/property[@name='UnlockedBy']" name="value">perkAdvancedEngineering,generatorbankSchematic</setattribute>
	<setattribute xpath="/blocks/block[@name='batterybank']/property[@name='UnlockedBy']" name="value">perkAdvancedEngineering,batterybankSchematic</setattribute>
	<setattribute xpath="/blocks/block[@name='electricwirerelay']/property[@name='UnlockedBy']" name="value">perkAdvancedEngineering,generatorbankSchematic</setattribute>
	<setattribute xpath="/blocks/block[@name='switch']/property[@name='UnlockedBy']" name="value">perkAdvancedEngineering,switchSchematic</setattribute>
	<setattribute xpath="/blocks/block[@name='pressureplate']/property[@name='UnlockedBy']" name="value">perkAdvancedEngineering,pressureplateSchematic</setattribute>
	<setattribute xpath="/blocks/block[@name='pressureplateLong']/property[@name='UnlockedBy']" name="value">perkAdvancedEngineering,pressureplateSchematic</setattribute>
	<setattribute xpath="/blocks/block[@name='tripwirepost']/property[@name='UnlockedBy']" name="value">perkAdvancedEngineering,pressureplateSchematic</setattribute>
	<setattribute xpath="/blocks/block[@name='motionsensor']/property[@name='UnlockedBy']" name="value">perkAdvancedEngineering,motionsensorSchematic</setattribute>
	<setattribute xpath="/blocks/block[@name='electrictimerrelay']/property[@name='UnlockedBy']" name="value">perkAdvancedEngineering,electrictimerrelaySchematic</setattribute>
	<setattribute xpath="/blocks/block[@name='speaker']/property[@name='UnlockedBy']" name="value">perkAdvancedEngineering,speakerSchematic</setattribute>
	<setattribute xpath="/blocks/block[@name='electricfencepost']/property[@name='UnlockedBy']" name="value">perkAdvancedEngineering,electricfencepostSchematic</setattribute>
	<setattribute xpath="/blocks/block[@name='dartTrap']/property[@name='UnlockedBy']" name="value">perkAdvancedEngineering,dartTrapSchematic</setattribute>
	<!--<setattribute xpath="/blocks/block[@name='flamethrowerTrap']/property[@name='UnlockedBy']" name="value">perkAdvancedEngineering,dartTrapSchematic</setattribute>-->
	<setattribute xpath="/blocks/block[@name='bladeTrap']/property[@name='UnlockedBy']" name="value">perkAdvancedEngineering,bladeTrapSchematic</setattribute>
	<setattribute xpath="/blocks/block[@name='autoTurret']/property[@name='UnlockedBy']" name="value">perkAdvancedEngineering,autoTurretSchematic</setattribute>
	<setattribute xpath="/blocks/block[@name='shotgunTurret']/property[@name='UnlockedBy']" name="value">perkAdvancedEngineering,shotgunTurretSchematic</setattribute>
	<setattribute xpath="/blocks/block[@name='spotlightPlayer']/property[@name='UnlockedBy']" name="value">perkAdvancedEngineering,spotlightPlayerSchematic</setattribute>
	<setattribute xpath="/blocks/block[@name='ceilingLight01_player']/property[@name='UnlockedBy']" name="value">perkAdvancedEngineering,generatorbankSchematic</setattribute>
	<setattribute xpath="/blocks/block[@name='industrialLight01_player']/property[@name='UnlockedBy']" name="value">perkAdvancedEngineering,generatorbankSchematic</setattribute>
	<setattribute xpath="/blocks/block[@name='industrialLight02_player']/property[@name='UnlockedBy']" name="value">perkAdvancedEngineering,generatorbankSchematic</setattribute>
	<setattribute xpath="/blocks/block[@name='ceilingLight07_player']/property[@name='UnlockedBy']" name="value">perkAdvancedEngineering,generatorbankSchematic</setattribute>
	<setattribute xpath="/blocks/block[@name='vaultDoor01_Powered']/property[@name='UnlockedBy']" name="value">perkAdvancedEngineering,poweredDoorsSchematic</setattribute>
	<setattribute xpath="/blocks/block[@name='ironGarageDoor_PoweredWhite']/property[@name='UnlockedBy']" name="value">perkAdvancedEngineering,poweredDoorsSchematic</setattribute>
	<setattribute xpath="/blocks/block[@name='woodenGarageDoor3x3_PoweredWhite']/property[@name='UnlockedBy']" name="value">perkAdvancedEngineering,poweredDoorsSchematic</setattribute>
	<setattribute xpath="/blocks/block[@name='woodenGarageDoor4x3_PoweredWhite']/property[@name='UnlockedBy']" name="value">perkAdvancedEngineering,poweredDoorsSchematic</setattribute>
	<setattribute xpath="/blocks/block[@name='woodenGarageDoor5x3_PoweredWhite']/property[@name='UnlockedBy']" name="value">perkAdvancedEngineering,poweredDoorsSchematic</setattribute>
	<setattribute xpath="/blocks/block[@name='steelGarageDoor3x3_PoweredWhite']/property[@name='UnlockedBy']" name="value">perkAdvancedEngineering,poweredDoorsSchematic</setattribute>
	<setattribute xpath="/blocks/block[@name='steelGarageDoor4x3_PoweredWhite']/property[@name='UnlockedBy']" name="value">perkAdvancedEngineering,poweredDoorsSchematic</setattribute>
	<setattribute xpath="/blocks/block[@name='steelGarageDoor5x3_PoweredWhite']/property[@name='UnlockedBy']" name="value">perkAdvancedEngineering,poweredDoorsSchematic</setattribute>
	<setattribute xpath="/blocks/block[@name='vaultHatch01_Powered']/property[@name='UnlockedBy']" name="value">perkAdvancedEngineering,poweredDoorsSchematic</setattribute>
	<setattribute xpath="/blocks/block[@name='metalReinforcedWoodDrawBridgePowered']/property[@name='UnlockedBy']" name="value">perkAdvancedEngineering,poweredDoorsSchematic</setattribute>
	<setattribute xpath="/blocks/block[@name='mineCookingPot']/property[@name='UnlockedBy']" name="value">perkDemolitionsExpert</setattribute>
	<setattribute xpath="/blocks/block[@name='mineHubcap']/property[@name='UnlockedBy']" name="value">perkDemolitionsExpert</setattribute>
	<setattribute xpath="/blocks/block[@name='mineAirFilter']/property[@name='UnlockedBy']" name="value">perkDemolitionsExpert</setattribute>
	<setattribute xpath="/blocks/block[@name='plantedMushroom1']/property[@name='UnlockedBy']" name="value">perkLivingOffTheLand,plantedMushroom1Schematic</setattribute>
	<setattribute xpath="/blocks/block[@name='plantedYucca1']/property[@name='UnlockedBy']" name="value">perkLivingOffTheLand,plantedYucca1Schematic</setattribute>
	<setattribute xpath="/blocks/block[@name='plantedCotton1']/property[@name='UnlockedBy']" name="value">perkLivingOffTheLand,plantedCotton1Schematic</setattribute>
	<setattribute xpath="/blocks/block[@name='plantedCoffee1']/property[@name='UnlockedBy']" name="value">perkLivingOffTheLand,plantedCoffee1Schematic</setattribute>
	<setattribute xpath="/blocks/block[@name='plantedGoldenrod1']/property[@name='UnlockedBy']" name="value">perkLivingOffTheLand,plantedGoldenrod1Schematic</setattribute>
	<setattribute xpath="/blocks/block[@name='plantedAloe1']/property[@name='UnlockedBy']" name="value">perkLivingOffTheLand,plantedAloe1Schematic</setattribute>
	<setattribute xpath="/blocks/block[@name='plantedBlueberry1']/property[@name='UnlockedBy']" name="value">perkLivingOffTheLand,plantedBlueberry1Schematic</setattribute>
	<setattribute xpath="/blocks/block[@name='plantedPotato1']/property[@name='UnlockedBy']" name="value">perkLivingOffTheLand,plantedPotato1Schematic</setattribute>
	<setattribute xpath="/blocks/block[@name='plantedChrysanthemum1']/property[@name='UnlockedBy']" name="value">perkLivingOffTheLand,plantedChrysanthemum1Schematic</setattribute>
	<setattribute xpath="/blocks/block[@name='plantedCorn1']/property[@name='UnlockedBy']" name="value">perkLivingOffTheLand,plantedCorn1Schematic</setattribute>
	<setattribute xpath="/blocks/block[@name='plantedGraceCorn1']/property[@name='UnlockedBy']" name="value">plantedGraceCorn1Schematic</setattribute>
	<setattribute xpath="/blocks/block[@name='plantedHop1']/property[@name='UnlockedBy']" name="value">perkLivingOffTheLand,plantedHop1Schematic</setattribute>
	<setattribute xpath="/blocks/block[@name='plantedPumpkin1']/property[@name='UnlockedBy']" name="value">perkLivingOffTheLand,plantedPumpkin1Schematic</setattribute>
</blocks>