<progression>
	<append xpath="/progression/perks/perk[@name='perkDeadEye']/effect_group[1]">
		<passive_effect name="RecipeTagUnlocked" operation="base_set" level="1,5" value="1" tags="gunRifleT1HuntingRifle" />
		<passive_effect name="CraftingTier" operation="base_add" level="1,2,3,4,5" value="1,2,3,4,4" tags="perkDeadEye" />
	</append>
	
	<append xpath="/progression/perks/perk[@name='perkDemolitionsExpert']">
		<effect_group>
			<passive_effect name="CraftingTier" operation="base_add" level="1,2,3,4,5" value="1,2,3,4,4" tags="perkDemolitionsExpert" />

			<passive_effect name="RecipeTagUnlocked" operation="base_set" level="1,5" value="1" tags="thrownAmmoPipeBomb,mineCookingPot,rScrapIronPlateMine" />
			<passive_effect name="RecipeTagUnlocked" operation="base_set" level="2,5" value="1" tags="thrownDynamite,mineHubcap" />
			<passive_effect name="RecipeTagUnlocked" operation="base_set" level="3,5" value="1" tags="thrownGrenade,resourceGunPowderBundle" />
			<passive_effect name="RecipeTagUnlocked" operation="base_set" level="4,5" value="1" tags="ammoRocketHE,ammoRocketFrag,resourceRocketTip,resourceRocketCasing" />
			<passive_effect name="RecipeTagUnlocked" operation="base_set" level="5,5" value="1" tags="thrownGrenadeContact,thrownTimedCharge,mineAirFilter" />
		</effect_group>
	</append>
	
	<append xpath="/progression/perks/perk[@name='perkJavelinMaster']/effect_group[1]">
		<passive_effect name="CraftingTier" operation="base_add" level="1,2,3,4,5" value="1,2,3,4,4" tags="perkJavelinMaster" />
		<passive_effect name="RecipeTagUnlocked" operation="base_set" level="1,5" value="1" tags="meleeWpnSpearT1IronSpear" />
	</append>
	
	<append xpath="/progression/perks/perk[@name='perkLockPicking']/effect_group[1]">
		<passive_effect name="RecipeTagUnlocked" operation="base_set" level="1,3" value="1" tags="resourceLockPick" />
	</append>
	
	<append xpath="/progression/perks/perk[@name='perkSalvageOperations']/effect_group[1]">
		<passive_effect name="CraftingTier" operation="base_add" level="1,2,3,4,5" value="1,2,3,4,4" tags="perkSalvageOperations" />
		<passive_effect name="RecipeTagUnlocked" operation="base_set" level="1,5" value="1" tags="meleeToolSalvageT1Wrench" />
	</append>
	
	<append xpath="/progression/perks/perk[@name='perkBoomstick']/effect_group[1]">
		<passive_effect name="CraftingTier" operation="base_add" level="1,2,3,4,5" value="1,2,3,4,4" tags="perkBoomstick" />
		<passive_effect name="RecipeTagUnlocked" operation="base_set" level="1,5" value="1" tags="gunShotgunT1DoubleBarrel" />
	</append>
	
	<append xpath="/progression/perks/perk[@name='perkPummelPete']/effect_group[1]">
		<passive_effect name="CraftingTier" operation="base_add" level="1,2,3,4,5" value="1,2,3,4,4" tags="perkPummelPete" />
		<passive_effect name="RecipeTagUnlocked" operation="base_set" level="1,5" value="1" tags="meleeWpnClubT1BaseballBat" />
	</append>
	
	<append xpath="/progression/perks/perk[@name='perkSkullCrusher']/effect_group[1]">
		<passive_effect name="CraftingTier" operation="base_add" level="1,2,3,4,5" value="1,2,3,4,4" tags="perkSkullCrusher" />
		<passive_effect name="RecipeTagUnlocked" operation="base_set" level="1,5" value="1" tags="meleeWpnSledgeT1IronSledgehammer" />
	</append>
	
	<append xpath="/progression/perks/perk[@name='perkHeavyArmor']/effect_group[1]">
		<passive_effect name="CraftingTier" operation="base_add" level="1,4" value="1,4" tags="perkHeavyArmor" />
		<passive_effect name="RecipeTagUnlocked" operation="base_set" level="1,5" value="1" tags="armorIronHelmet,armorIronChest,armorIronGloves,armorIronLegs,armorIronBoots" />
	</append>
	
	<append xpath="/progression/perks/perk[@name='perkMasterChef']/effect_group[1]">
		<passive_effect name="RecipeTagUnlocked" operation="base_set" level="1,3" value="1" tags="foodBaconAndEggs,foodBoiledMeat,foodGrilledMeat,foodBakedPotato,foodCornBread,foodCornOnTheCob,drinkJarRedTea,drinkJarCoffee,drinkJarGoldenRodTea" />
		<passive_effect name="RecipeTagUnlocked" operation="base_set" level="2,3" value="1" tags="foodSteakAndPotato,foodBlueberryPie,foodMeatStew,foodVegetableStew,foodPumpkinPie,foodPumpkinCheesecake,foodPumpkinBread" />
		<passive_effect name="RecipeTagUnlocked" operation="base_set" level="2,3" value="1" tags="foodShamChowder,foodHoboStew,foodFishTacos,drinkYuccaJuiceSmoothie,foodChiliDog,drinkJarBeer" />
		<passive_effect name="RecipeTagUnlocked" operation="base_set" level="3,3" value="1" tags="foodGumboStew,foodShepardsPie,foodSpaghetti,foodTunaFishGravyToast" />
		<passive_effect name="RecipeTagUnlocked" operation="base_set" level="3,3" value="1" tags="drinkJarGrandpasMoonshine,drinkJarGrandpasAwesomeSauce,drinkJarGrandpasLearningElixir" />
	</append>
	
	<append xpath="/progression/perks/perk[@name='perkMiner69r']/effect_group[1]">
		<passive_effect name="CraftingTier" operation="base_add" level="1,2,3,4,5" value="1,2,3,4,4" tags="perkMiner69r" />
		<passive_effect name="RecipeTagUnlocked" operation="base_set" level="1,5" value="1" tags="meleeToolRepairT1ClawHammer,meleeToolAxeT1IronFireaxe,meleeToolPickT1IronPickaxe,meleeToolShovelT1IronShovel" />
	</append>
	
	<append xpath="/progression/perks/perk[@name='perkBrawler']/effect_group[1]">
		<passive_effect name="CraftingTier" operation="base_add" level="1,2,3,4,5" value="1,2,3,4,4" tags="perkBrawler" />
		<passive_effect name="RecipeTagUnlocked" operation="base_set" level="1,5" value="1" tags="meleeWpnKnucklesT1IronKnuckles" />
	</append>
	
	<append xpath="/progression/perks/perk[@name='perkMachineGunner']/effect_group[1]">
		<passive_effect name="CraftingTier" operation="base_add" level="1,2,3,4,5" value="1,2,3,4,4" tags="perkMachineGunner" />
		<passive_effect name="RecipeTagUnlocked" operation="base_set" level="1,5" value="1" tags="gunMGT1AK47" />
	</append>
	
	<append xpath="/progression/perks/perk[@name='perkLivingOffTheLand']/effect_group[1]">
		<passive_effect name="RecipeTagUnlocked" operation="base_set" level="1,3" value="1" tags="plantedAloe1,plantedChrysanthemum1,plantedGoldenrod1,plantedYucca1" />
		<passive_effect name="RecipeTagUnlocked" operation="base_set" level="2,3" value="1" tags="plantedBlueberry1,plantedCoffee1,plantedCorn1,plantedCotton1,plantedMushroom1,plantedPotato1,plantedHop1,plantedPumpkin1,plantedGraceCorn1" />
	</append>
	
	<append xpath="/progression/perks/perk[@name='perkArchery']/effect_group[1]">
		<passive_effect name="CraftingTier" operation="base_add" level="1,2,3,4,5" value="1,2,3,4,4" tags="perkArchery" />
		<passive_effect name="RecipeTagUnlocked" operation="base_set" level="1,5" value="1" tags="gunBowT1WoodenBow,gunBowT1IronCrossbow" />
	</append>
	
	<append xpath="/progression/perks/perk[@name='perkGunslinger']/effect_group[1]">
		<passive_effect name="CraftingTier" operation="base_add" level="1,2,3,4,5" value="1,2,3,4,4" tags="perkGunslinger" />
		<passive_effect name="RecipeTagUnlocked" operation="base_set" level="1,5" value="1" tags="gunHandgunT1Pistol" />
	</append>
	
	<append xpath="/progression/perks/perk[@name='perkDeepCuts']/effect_group[1]">
		<passive_effect name="CraftingTier" operation="base_add" level="1,2,3,4,5" value="1,2,3,4,4" tags="perkDeepCuts" />
		<passive_effect name="RecipeTagUnlocked" operation="base_set" level="1,5" value="1" tags="meleeWpnBladeT1HuntingKnife" />
	</append>
	
	<append xpath="/progression/perks/perk[@name='perkLightArmor']/effect_group[1]">
		<passive_effect name="CraftingTier" operation="base_add" level="1,4" value="1,4" tags="perkLightArmor" />
		<passive_effect name="RecipeTagUnlocked" operation="base_set" level="1,5" value="1" tags="armorLeatherHood,armorLeatherChest,armorLeatherGloves,armorLeatherPants,armorLeatherBoots" />
	</append>
	
	<append xpath="/progression/perks/perk[@name='perkElectrocutioner']/effect_group[1]">
		<passive_effect name="CraftingTier" operation="base_add" level="1,2,3,4,5" value="1,2,3,4,4" tags="perkElectrocutioner" />
		<passive_effect name="RecipeTagUnlocked" operation="base_set" level="1,5" value="1" tags="meleeWpnBatonT2StunBaton" />
	</append>
	
	<append xpath="/progression/perks/perk[@name='perkTurrets']/effect_group[1]">
		<passive_effect name="CraftingTier" operation="base_add" level="1,2,3,4,5" value="1,2,3,4,4" tags="perkTurrets" />
		<passive_effect name="RecipeTagUnlocked" operation="base_set" level="1,5" value="1" tags="gunBotT1JunkSledge" />
	</append>
	
	<append xpath="/progression/perks/perk[@name='perkPhysician']/effect_group[1]">
		<passive_effect name="RecipeTagUnlocked" operation="base_set" level="1,4" value="1" tags="chemistryStation,medicalFirstAidBandage,medicalPlasterCast" />
		<!--<passive_effect name="RecipeTagUnlocked" operation="base_set" level="2,4" value="1" tags="drugPainkillers"/>-->
		<passive_effect name="RecipeTagUnlocked" operation="base_set" level="3,4" value="1" tags="medicalFirstAidKit,drugSteroids" />
		<passive_effect name="RecipeTagUnlocked" operation="base_set" level="4" value="1" tags="drugFortBites,drugRecog,drugAntibiotics" />
	</append>
	
	<append xpath="/progression/perks/perk[@name='perkAdvancedEngineering']/effect_group[1]">
		<passive_effect name="RecipeTagUnlocked" operation="base_set" level="1,5" value="1" tags="forge,cntDewCollector" />
		<passive_effect name="RecipeTagUnlocked" operation="base_set" level="2,5" value="1" tags="workbench,chemistryStation,cementMixer" />
		<passive_effect name="RecipeTagUnlocked" operation="base_set" level="3,5" value="1" tags="resourceMilitaryFiber,generatorbank,electricwirerelay,switch,ceilingLight01_player,industrialLight01_player,industrialLight02_player,armorMiningHelmet,spotlightPlayer,speaker,pressureplate,pressureplateLong,dartTrap,electrictimerrelay,motionsensor,tripwirepost,electricfencepost,bladeTrap" />
		<passive_effect name="RecipeTagUnlocked" operation="base_set" level="4,5" value="1" tags="batterybank,shotgunTurret,meleeToolRepairT3Nailgun,garageDoorMetal_v1Powered,garageDoorIndustrial_Powered,metalReinforcedWoodDrawBridgePowered,vaultHatch_v3_Powered,vaultDoor03_Powered" />
		<passive_effect name="RecipeTagUnlocked" operation="base_set" level="5" value="1" tags="toolForgeCrucible,autoTurret" />
	</append>
	
	<append xpath="/progression/perks/perk[@name='perkGreaseMonkey']/effect_group[1]">
		<passive_effect name="RecipeTagUnlocked" operation="base_set" level="1,5" value="1" tags="vehicleWheels,vehicleBicycleChassis,vehicleBicycleHandlebars" />
		<passive_effect name="RecipeTagUnlocked" operation="base_set" level="2,5" value="1" tags="carBattery,ammoGasCan,vehicleMinibikeChassis,vehicleMinibikeHandlebars" />
		<passive_effect name="RecipeTagUnlocked" operation="base_set" level="3,5" value="1" tags="resourceOil,vehicleMotorcycleChassis,vehicleMotorcycleHandlebars" />
		<passive_effect name="RecipeTagUnlocked" operation="base_set" level="4,5" value="1" tags="ammoGasCanBundle,vehicle4x4TruckChassis,vehicle4x4TruckAccessories" />
		<passive_effect name="RecipeTagUnlocked" operation="base_set" level="5" value="1" tags="vehicleGyroCopterChassis,vehicleGyroCopterAccessories" />
	</append>
	
	<remove xpath="/progression/attributes/attribute[@name='attCrafting']"></remove>
	<remove xpath="/progression/crafting_skills/crafting_skill"></remove>
	<remove xpath="/progression/perks/perk/effect_group/passive_effect[@name='LootProb' and @tags='riflesCSM']"></remove>
	<remove xpath="/progression/perks/perk/effect_group/passive_effect[@name='LootProb' and @tags='explosivesCSM']"></remove>
	<remove xpath="/progression/perks/perk/effect_group/passive_effect[@name='LootProb' and @tags='spearsCSM']"></remove>
	<remove xpath="/progression/perks/perk/effect_group/passive_effect[@name='LootProb' and @tags='salvageToolsCSM']"></remove>
	<remove xpath="/progression/perks/perk/effect_group/passive_effect[@name='LootProb' and @tags='shotgunsCSM']"></remove>
	<remove xpath="/progression/perks/perk/effect_group/passive_effect[@name='LootProb' and @tags='clubsCSM']"></remove>
	<remove xpath="/progression/perks/perk/effect_group/passive_effect[@name='LootProb' and @tags='sledgehammersCSM']"></remove>
	<remove xpath="/progression/perks/perk/effect_group/passive_effect[@name='LootProb' and @tags='armorCSM']"></remove>
	<remove xpath="/progression/perks/perk/effect_group/passive_effect[@name='LootProb' and @tags='foodCSM']"></remove>
	<remove xpath="/progression/perks/perk/effect_group/passive_effect[@name='LootProb' and @tags='harvestingToolsCSM']"></remove>
	<remove xpath="/progression/perks/perk/effect_group/passive_effect[@name='LootProb' and @tags='knucklesCSM']"></remove>
	<remove xpath="/progression/perks/perk/effect_group/passive_effect[@name='LootProb' and @tags='machineGunsCSM']"></remove>
	<remove xpath="/progression/perks/perk/effect_group/passive_effect[@name='LootProb' and @tags='seedCSM']"></remove>
	<remove xpath="/progression/perks/perk/effect_group/passive_effect[@name='LootProb' and @tags='bowsCSM']"></remove>
	<remove xpath="/progression/perks/perk/effect_group/passive_effect[@name='LootProb' and @tags='handgunsCSM']"></remove>
	<remove xpath="/progression/perks/perk/effect_group/passive_effect[@name='LootProb' and @tags='bladesCSM']"></remove>
	<remove xpath="/progression/perks/perk/effect_group/passive_effect[@name='LootProb' and @tags='roboticsCSM']"></remove>
	<remove xpath="/progression/perks/perk/effect_group/passive_effect[@name='LootProb' and @tags='medicalCSM']"></remove>
	<remove xpath="/progression/perks/perk/effect_group/passive_effect[@name='LootProb' and @tags='electricianCSM']"></remove>
	<remove xpath="/progression/perks/perk/effect_group/passive_effect[@name='LootProb' and @tags='trapsCSM']"></remove>
	<remove xpath="/progression/perks/perk/effect_group/passive_effect[@name='LootProb' and @tags='workstationCSM']"></remove>
	<remove xpath="/progression/perks/perk/effect_group/passive_effect[@name='LootProb' and @tags='repairToolsCSM']"></remove>
	<remove xpath="/progression/perks/perk/effect_group/passive_effect[@name='LootProb' and @tags='vehiclesCSM']"></remove>
</progression>